img_name,npy,rho_gt,theta_gt,rho_pred,theta_pred,rho_err,theta_err_deg,line_dist,edge_y,rho_err_orig,line_dist_orig,edge_y_orig,conf
357.jpg,357.npy,-263.087797164917,112.37717628479002,-255.71166038513184,108.2916784286499,7.376136779785156,4.0854978561401225,22.44389930149724,41.50671493889172,13.830256462097168,42.08231119030732,77.82509051042197,0.6464866134981189
1350.jpg,1350.npy,280.08825302124023,74.33526635169983,275.33300399780273,77.97096848487854,4.7552490234375,3.635702133178711,18.179280116021705,34.44291908358923,8.916091918945312,34.0861502175407,64.58047328172981,0.6801590124040698
56.jpg,56.npy,17.840728759765625,90.44761776924132,-8.135566711425781,90.67968249320984,25.976295471191406,0.2320647239685058,25.977609943587154,25.979437739637262,48.70555400848389,48.70801864422592,48.71144576181987,0.6264456686373817
355.jpg,355.npy,127.93590545654295,112.43627071380617,134.97772216796875,110.44538497924805,7.041816711425781,1.9908857345581052,10.38825015924853,20.51750945469675,13.20340633392334,19.477969048590992,38.4703302275564,0.6772918392369903
2654.jpg,2654.npy,-311.22775077819824,97.17431902885436,-293.92127990722656,97.13893532752992,17.30647087097168,0.0353837013244486,17.330916041919885,17.46631991995197,32.4496328830719,32.495467578599786,32.74934984990995,0.6317033633658841
1485.jpg,1485.npy,247.57762908935547,95.9822165966034,245.9470176696777,94.09911274909976,1.6306114196777344,1.883103847503648,8.652687396542001,16.943494548224862,3.057396411895752,16.22378886851625,31.769052277921617,0.6206994520182904
821.jpg,821.npy,347.16936111450195,69.99997973442078,337.88183212280273,71.36397421360016,9.28752899169922,1.3639944791793823,12.234989963474098,13.674095228199208,17.414116859436035,22.94060618151393,25.638928552873512,0.7007115671990912
2301.jpg,2301.npy,-308.64498138427734,103.19646835327148,-300.7162284851074,104.36296105384828,7.928752899169922,1.1664927005767822,7.268481620009785,11.040498782887695,14.866411685943604,13.628403037518348,20.700935217914427,0.6771146638790619
