stage,epoch,train_loss,val_joint,val_iou,val_mae
B2,1,0.008798011476074804,0.07084301779693489,0.9631834146954121,14.48015719741138
B2,2,0.0069719019544713145,0.07915469242291849,0.9625965726036282,14.760442173896143
B2,3,0.006939180455814944,0.07849173511169992,0.9625302382555888,15.105731110074627
B2,4,0.00688638969486828,0.07984995907910498,0.9630355589077028,14.663358621929415
B2,5,0.005569455267832399,0.08236174034485619,0.9629854031323101,15.238988771960509
